Id,Category
0,entertainment
1,entertainment
2,entertainment
3,entertainment
4,entertainment
5,entertainment
6,entertainment
7,politics
8,entertainment
9,entertainment
10,entertainment
11,entertainment
12,entertainment
13,entertainment
14,entertainment
15,entertainment
16,entertainment
17,entertainment
18,entertainment
19,entertainment
20,entertainment
21,entertainment
22,entertainment
23,entertainment
24,entertainment
25,entertainment
26,entertainment
27,entertainment
28,entertainment
29,entertainment
30,entertainment
31,entertainment
32,entertainment
33,entertainment
34,entertainment
35,entertainment
36,entertainment
37,entertainment
38,entertainment
39,entertainment
40,entertainment
41,entertainment
42,entertainment
43,entertainment
44,entertainment
45,entertainment
46,entertainment
47,entertainment
48,politics
49,entertainment
50,entertainment
51,entertainment
52,entertainment
53,entertainment
54,entertainment
55,entertainment
56,entertainment
57,entertainment
58,entertainment
59,entertainment
60,entertainment
61,entertainment
62,entertainment
63,entertainment
64,entertainment
65,entertainment
66,entertainment
67,entertainment
68,entertainment
69,entertainment
70,entertainment
71,entertainment
72,entertainment
73,entertainment
74,entertainment
75,entertainment
76,entertainment
77,entertainment
78,entertainment
79,entertainment
80,entertainment
81,entertainment
82,entertainment
83,entertainment
84,entertainment
85,entertainment
86,entertainment
87,entertainment
88,entertainment
89,entertainment
90,entertainment
91,entertainment
92,entertainment
93,entertainment
94,entertainment
95,entertainment
96,entertainment
97,entertainment
98,entertainment
99,entertainment
100,entertainment
101,entertainment
102,entertainment
103,entertainment
104,entertainment
105,entertainment
106,entertainment
107,entertainment
108,entertainment
109,entertainment
110,entertainment
111,entertainment
112,entertainment
113,entertainment
114,entertainment
115,entertainment
116,entertainment
117,entertainment
118,entertainment
119,entertainment
120,entertainment
121,entertainment
122,entertainment
123,entertainment
124,entertainment
125,entertainment
126,entertainment
127,entertainment
128,entertainment
129,entertainment
130,entertainment
131,entertainment
132,entertainment
133,entertainment
134,entertainment
135,entertainment
136,entertainment
137,entertainment
138,entertainment
139,entertainment
140,entertainment
141,entertainment
142,entertainment
143,entertainment
144,entertainment
145,entertainment
146,entertainment
147,entertainment
148,entertainment
149,entertainment
150,entertainment
151,entertainment
152,entertainment
153,entertainment
154,entertainment
155,entertainment
156,entertainment
157,entertainment
158,entertainment
159,entertainment
160,entertainment
161,entertainment
162,entertainment
163,entertainment
164,entertainment
165,entertainment
166,entertainment
167,entertainment
168,entertainment
169,entertainment
170,entertainment
171,entertainment
172,entertainment
173,entertainment
174,entertainment
175,entertainment
176,entertainment
177,entertainment
178,entertainment
179,entertainment
180,entertainment
181,entertainment
182,entertainment
183,entertainment
184,entertainment
185,entertainment
186,entertainment
187,entertainment
188,entertainment
189,entertainment
190,entertainment
191,entertainment
192,entertainment
193,entertainment
194,entertainment
195,entertainment
196,entertainment
197,entertainment
198,entertainment
199,entertainment
200,entertainment
201,entertainment
202,entertainment
203,entertainment
204,entertainment
205,entertainment
206,entertainment
207,entertainment
208,entertainment
209,entertainment
210,entertainment
211,entertainment
212,entertainment
213,entertainment
214,entertainment
215,entertainment
216,entertainment
217,entertainment
218,entertainment
219,entertainment
220,entertainment
221,entertainment
222,entertainment
223,entertainment
224,entertainment
225,entertainment
226,entertainment
227,entertainment
228,entertainment
229,entertainment
230,entertainment
231,entertainment
232,entertainment
233,entertainment
234,entertainment
235,entertainment
236,entertainment
237,entertainment
238,entertainment
239,entertainment
240,entertainment
241,entertainment
242,politics
243,entertainment
244,entertainment
245,entertainment
246,entertainment
247,entertainment
248,entertainment
249,entertainment
250,entertainment
251,entertainment
252,entertainment
253,entertainment
254,entertainment
255,entertainment
256,entertainment
257,entertainment
258,entertainment
259,entertainment
260,entertainment
261,entertainment
262,entertainment
263,entertainment
264,entertainment
265,entertainment
266,entertainment
267,entertainment
268,entertainment
269,entertainment
270,entertainment
271,entertainment
272,entertainment
273,entertainment
274,entertainment
275,entertainment
276,entertainment
277,entertainment
278,entertainment
279,entertainment
280,entertainment
281,entertainment
282,entertainment
283,entertainment
284,entertainment
285,entertainment
286,entertainment
287,entertainment
288,entertainment
289,entertainment
290,entertainment
291,entertainment
292,entertainment
293,entertainment
294,entertainment
295,entertainment
296,entertainment
297,entertainment
298,entertainment
299,entertainment
300,entertainment
301,entertainment
302,entertainment
303,entertainment
304,entertainment
305,entertainment
306,entertainment
307,entertainment
308,entertainment
309,entertainment
310,entertainment
311,entertainment
312,entertainment
313,entertainment
314,entertainment
315,entertainment
316,entertainment
317,entertainment
318,entertainment
319,entertainment
320,entertainment
321,entertainment
322,entertainment
323,politics
324,entertainment
325,entertainment
326,entertainment
327,entertainment
328,entertainment
329,entertainment
330,entertainment
331,entertainment
332,entertainment
333,entertainment
334,entertainment
335,entertainment
336,entertainment
337,entertainment
338,entertainment
339,entertainment
340,entertainment
341,entertainment
342,politics
343,entertainment
344,entertainment
345,politics
346,entertainment
347,entertainment
348,entertainment
349,entertainment
350,entertainment
351,entertainment
352,entertainment
353,entertainment
354,entertainment
355,entertainment
356,entertainment
357,entertainment
358,entertainment
359,entertainment
360,entertainment
361,entertainment
362,entertainment
363,entertainment
364,entertainment
365,entertainment
366,entertainment
367,entertainment
368,entertainment
369,entertainment
370,entertainment
371,entertainment
372,entertainment
373,entertainment
374,entertainment
375,entertainment
376,entertainment
377,entertainment
378,entertainment
379,entertainment
380,entertainment
381,entertainment
382,entertainment
383,entertainment
384,entertainment
385,entertainment
386,entertainment
387,entertainment
388,entertainment
389,politics
390,entertainment
391,entertainment
392,entertainment
393,entertainment
394,entertainment
395,entertainment
396,entertainment
397,entertainment
398,entertainment
399,entertainment
400,entertainment
401,entertainment
402,entertainment
403,entertainment
404,entertainment
405,entertainment
406,entertainment
407,entertainment
408,entertainment
409,entertainment
410,entertainment
411,entertainment
412,entertainment
413,entertainment
414,entertainment
415,entertainment
416,entertainment
417,entertainment
418,entertainment
419,entertainment
420,entertainment
421,entertainment
422,entertainment
423,entertainment
424,entertainment
425,entertainment
426,entertainment
427,entertainment
428,entertainment
429,entertainment
430,entertainment
431,entertainment
432,entertainment
433,entertainment
434,entertainment
435,entertainment
436,entertainment
437,entertainment
438,entertainment
439,entertainment
440,entertainment
441,entertainment
442,entertainment
443,entertainment
444,entertainment
