Id,Category,Title
0,sport,Roddick in talks over new coach
1,entertainment,Prodigy join V Festival line-up
2,entertainment,Sundance to honour foreign films
3,sport,Dunne keen to commit to Man City
4,politics,Row over 'police' power for CSOs
5,politics,Labour's core support takes stock
6,entertainment,France set for new Da Vinci novel
7,sport,Aragones angered by racism fine
8,sport,Keegan hails comeback king Fowler
9,entertainment,Singer Ferguson 'facing eviction'
10,entertainment,Row threatens Hendrix museum plan
11,entertainment,Rock star sued by ex-girlfriend
12,tech,IBM frees 500 software patents
13,entertainment,Actor Foxx sees Globe nominations
14,tech,Britons fed up with net service
15,business,US trade deficit widens sharply
16,business,Fannie Mae 'should restate books'
17,business,Weak data buffets French economy
18,business,Pernod takeover talk lifts Domecq
19,entertainment,Stars gear up for Bafta ceremony
20,tech,Hitachi unveils 'fastest robot'
21,business,Turkey-Iran mobile deal 'at risk'
22,politics,Top Tories on Lib Dem 'hit list'
23,business,Indy buys into India paper
24,business,Ex-Boeing director gets jail term
25,sport,Greek sprinters suspended by IAAF
26,entertainment,UK 'world's biggest music buyer'
27,entertainment,J-Lo and husband plan debut duet
28,entertainment,Housewives lift Channel 4 ratings
29,tech,Cebit opens to mobile music tune
30,tech,Fast lifts rise into record books
31,business,Split-caps pay £194m compensation
32,politics,UK plan to deport terror suspects
33,tech,Gadget market 'to grow in 2005'
34,tech,Games maker fights for survival
35,business,Jobs growth still slow in the US
36,business,Honda wins China copyright ruling
37,politics,Student 'fee factor' played down
38,politics,Blair dismisses quit claim report
39,entertainment,Eminem beats Elvis to number one
40,entertainment,Bening makes awards breakthrough
41,business,Venezuela identifies 'idle' farms
42,entertainment,US TV special for tsunami relief
43,entertainment,Angels 'favourite funeral song'
44,business,Ukraine revisits state sell-offs
45,business,BBC poll indicates economic gloom
46,politics,Guantanamo four questioned
47,politics,Lib Dems 'to target stamp duty'
48,business,US gives foreign firms extra time
49,entertainment,Surprise win for anti-Bush film
50,politics,Council tax rise 'reasonable'
51,entertainment,Hitch holds on to US box office
52,sport,Yachvili savours France comeback
53,tech,Hotspot users gain free net calls
54,sport,O'Sullivan quick to hail Italians
55,entertainment,Hard act to follow for OutKast
56,business,US industrial output growth eases
57,tech,Google launches TV search service
58,tech,How to make a gigapixel picture
59,sport,Davenport hits out at Wimbledon
60,tech,IBM puts cash behind Linux push
61,tech,Format wars could 'confuse users'
62,business,Khodorkovsky quits Yukos shares
63,politics,Iraq advice claim sparks new row
64,politics,Blair sees greater Bush consensus
65,business,Share boost for feud-hit Reliance
66,politics,Boothroyd calls for Lords speaker
67,sport,Unclear future for striker Baros
68,sport,Italy 17-28 Ireland
69,business,Asia shares defy post-quake gloom
70,entertainment,UK TV channel rapped for CSI ad
71,tech,Online games play with politics
72,politics,New drink limit 'would cut toll'
73,tech,Apple laptop is 'greatest gadget'
74,business,Jobs growth still slow in the US
75,tech,Sony PSP tipped as a 'must-have'
76,business,Minister hits out at Yukos sale
77,business,China Aviation seeks rescue deal
78,politics,Blair 'pressing US on climate'
79,sport,Record fails to lift lacklustre meet
80,business,McDonald's to sponsor MTV show
81,business,Khodorkovsky ally denies charges
82,sport,Slovakia seal Hopman Cup success
83,sport,Benitez 'to launch Morientes bid'
84,sport,South Africa sweep top awards
85,entertainment,BBC to pour £9m into new comedy
86,sport,Britain boosted by Holmes double
87,tech,Broadband takes on TV viewing
88,business,Continental 'may run out of cash'
89,business,Karachi stocks hit historic high
90,politics,Plaid MP's cottage arson claim
91,sport,Worcester v Sale (Fri)
92,politics,Howard rebuts asylum criticisms
93,sport,Robertson out to retain Euro lure
94,sport,Serena becomes world number two
95,sport,Chelsea hold Arsenal
96,business,German growth goes into reverse
97,tech,Microsoft debuts security tools
98,politics,UK 'discriminated against Roma'
99,sport,Newry to fight cup exit in courts
100,politics,Burglar defence guidelines issued
101,business,Manufacturing recovery 'slowing'
102,sport,Bellamy fined after row
103,sport,IAAF launches fight against drugs
104,entertainment,Portishead back after eight years
105,sport,Anelka apologises for criticism
106,tech,Open source leaders slam patents
107,tech,Gadgets galore on show at fair
108,business,India opens skies to competition
109,entertainment,Bafta to hand out movie honours
110,sport,Wilkinson fit to face Edinburgh
111,business,Durex maker SSL awaits firm bid
112,sport,Wales coach elated with win
113,politics,Tutu's Guantanamo release call
114,sport,Isinbayeva heads for Birmingham
115,politics,Tories opposing 24-hour drinking
116,sport,Roche 'turns down Federer offer'
117,sport,Ireland surge past Scots
118,politics,Blair 'said he would stand down'
119,politics,MPs quiz aides over royal income
120,entertainment,No UK premiere for Rings musical
121,tech,Can Yahoo dominate next decade?
122,entertainment,Carry On star Patsy Rowlands dies
123,entertainment,Deal to ban 'homophobic' reggae
124,business,FAO warns on impact of subsidies
125,sport,Gronkjaer agrees switch to Madrid
126,politics,Boothroyd calls for Lords speaker
127,business,Budget Aston takes on Porsche
128,business,Diageo to buy US wine firm
129,sport,Moya clinches Cup for Spain
130,entertainment,Dirty Den's demise seen by 14m
131,business,Ryanair in $4bn Boeing plane deal
132,entertainment,TV station refuses adoption show
133,tech,Games win for Blu-ray DVD format
134,sport,Tindall aiming to earn Lions spot
135,tech,World tour for top video gamers
136,entertainment,"Hendrix guitar fetches £100,000"
137,business,Borussia Dortmund near bust
138,entertainment,REM announce new Glasgow concert
139,entertainment,The comic book genius of Stan Lee
140,tech,Digital guru floats sub-$100 PC
141,entertainment,UK Directors Guild nominees named
142,tech,Commodore finds new lease of life
143,business,Trial begins of Spain's top banker
144,entertainment,Van Gogh festival film withdrawn
145,tech,Poles play with GameBoy 'blip-pop'
146,entertainment,Roundabout continues nostalgia trip
147,tech,US woman sues over cartridges
148,business,Europe asks Asia for euro help
149,business,BA to suspend two Saudi services
150,entertainment,Johnny Depp: The acting outlaw
151,entertainment,"Beatles suits sell for $110,000"
152,business,High fuel prices hit BA's profits
153,sport,Italy 8-38 Wales
154,sport,Umaga ready for Lions
155,politics,Campbell returns to election team
156,sport,Owen determined to stay in Madrid
157,sport,Prop Jones ready for hard graft
158,business,Soaring oil 'hits world economy'
159,tech,Games enter the classroom
160,business,French wine gets 70m euro top-up
161,tech,'Ultimate game' award for Doom 3
162,tech,Warnings about junk mail deluge
163,sport,Owen delighted with Real display
164,sport,Henman & Murray claim LTA awards
165,business,Germany calls for EU reform
166,politics,Labour accused of 'EU propaganda'
167,sport,Bridge could miss rest of season
168,sport,Gerrard happy at Anfield
169,tech,Souped-up wi-fi is on the horizon
170,sport,Chepkemei joins Edinburgh line-up
171,business,Japanese banking battle at an end
172,sport,Dawson wins England squad recall
173,sport,Campbell to be Lions consultant
174,tech,Mobile gig aims to rock 3G
175,politics,Anti-terror plan faces first test
176,sport,Ferdinand casts doubt over Glazer
177,tech,Ask Jeeves joins web log market
178,business,Saab to build Cadillacs in Sweden
179,entertainment,Rap feud in 50 Cent's G-Unit crew
180,business,German jobless rate at new record
181,sport,Parry puts Gerrard 'above money'
182,business,GM issues 2005 profits warning
183,entertainment,Rapper Jay-Z becomes label boss
184,politics,McConnell details Scots wave toll
185,tech,Gadget market 'to grow in 2005'
186,tech,EU software patent law delayed
187,politics,Woolf murder sentence rethink
188,business,India's rupee hits five-year high
189,entertainment,Hobbit picture 'four years away'
190,tech,Why Cell will get the hard sell
191,politics,Profile: Gordon Brown
192,tech,New delay hits EU software laws
193,sport,Hitzlsperger waiting on O'Leary
194,entertainment,Wal-Mart is sued over rude lyrics
195,tech,Consumers 'snub portable video'
196,entertainment,Spirit awards hail Sideways
197,tech,Court mulls file-sharing future
198,tech,Telewest to challenge Sky Plus
199,sport,Wolves appoint Hoddle as manager
200,business,Air China in $1bn London listing
201,entertainment,Day-Lewis set for Berlin honour
202,tech,Cyber crime booms in 2004
203,sport,Soderling wins tense Milan final
204,business,Indian oil firm eyes Yukos assets
205,business,Japan economy slides to recession
206,business,EU 'too slow' on economic reforms
207,politics,Howard unveils election platform
208,business,Indonesians face fuel price rise
209,politics,Hunt ban support is 'in decline'
210,business,Fed chief warning on US deficit
211,entertainment,Rock group Korn's guitarist quits
212,sport,Zambia confident and cautious
213,sport,Tottenham bid &#163;8m for Forest duo
214,business,WorldCom director admits lying
215,tech,Software watching while you work
216,sport,Reaction from Spanish press
217,sport,Wales stars need a rest - Ruddock
218,tech,Gizmondo gadget hits the shelves
219,sport,Wenger dejected as Arsenal slump
220,business,Israel looks to US for bank chief
221,business,Deutsche attacks Yukos case
222,sport,IAAF will contest Greek decision
223,business,J&J agrees $25bn Guidant deal
224,politics,Regiments' group in poll move
225,business,Mexican in US send $16bn home
226,sport,Bosvelt optimistic over new deal
227,sport,IAAF to rule on Greek sprint pair
228,sport,Kluft impressed by Sotherton form
229,business,US seeks new $280bn smoker ruling
230,business,Wall Street cool to eBay's profit
231,entertainment,US critics laud comedy Sideways
232,business,Profits stall at China's Lenovo
233,politics,Tory leader unveils spending plan
234,sport,Prutton poised for lengthy FA ban
235,tech,Millions buy MP3 players in US
236,politics,Howard attacks 'pay later' Budget
237,entertainment,UK debut for Kevin Spacey movie
238,sport,Beattie return calms attack fears
239,entertainment,Sir Paul rocks Super Bowl crowds
240,politics,'Errors' doomed first Dome sale
241,entertainment,Dame Julie pops in to see Poppins
242,sport,Ireland 17-12 South Africa
243,business,US firm 'bids for Lacroix label'
244,tech,BT program to beat dialler scams
245,entertainment,Snow Patrol feted at Irish awards
246,politics,Clarke defends terror detentions
247,entertainment,Bollywood draws global stars
248,politics,Blair sets date for Africa report
249,tech,The future in your pocket
250,business,Qantas sees profits fly to record
251,business,Safety alert as GM recalls cars
252,business,Qatar and Shell in $6bn gas deal
253,sport,Middlesbrough 2-2 Charlton
254,business,GE sees 'excellent' world economy
255,politics,Kennedy questions trust of Blair
256,sport,Nadal marches on in Mexico
257,sport,"Dibaba breaks 5,000m world record"
258,tech,Yahoo celebrates a decade online
259,sport,Balco case trial date pushed back
260,politics,Blair says UK tsunami aid to soar
261,tech,Google to scan famous libraries
262,tech,Podcasts mark rise of DIY radio
263,sport,Hodgson relishes European clashes
264,politics,Labour attacked on Howard poster
265,politics,Bid to cut court witness stress
266,politics,Brown and Blair face new rift claims
267,sport,Williams says he will never quit
268,politics,Drink remark 'acts as diversion'
269,business,Newest EU members underpin growth
270,sport,Hewitt falls to Dent
271,tech,Blog reading explodes in America
272,tech,Attack prompts Bush site block
273,entertainment,Singer's film to show at festival
274,tech,Millions to miss out on the net
275,business,India and Russia in energy talks
276,politics,Protesters plan airport challenge
277,business,Malaysia lifts Islamic bank limit
278,sport,Sociedad set to rescue Mladenovic
279,entertainment,Fox 'too reliant on reality TV'
280,business,Business fears over sluggish EU economy
281,business,Europe blames US over weak dollar
282,tech,Lifestyle 'governs mobile choice'
283,entertainment,Singer Ian Brown 'in gig arrest'
284,entertainment,Bets off after Big Brother 'leak'
285,tech,Ink helps drive democracy in Asia
286,business,US trade gap hits record in 2004
287,sport,Souness backs Smith for Scotland
288,business,MCI shareholder sues to stop bid
289,tech,Mobile music challenges 'iPod age'
290,business,Novartis hits acquisition trail
291,politics,Brown shrugs off economy fears
292,entertainment,Duran Duran show set for US TV
293,sport,Premier League planning Cole date
294,business,Fed warns of more US rate rises
295,entertainment,DJ double act revamp chart show
296,politics,Goldsmith denies war advice claim
297,sport,Murray returns to Scotland fold
298,entertainment,Super Size Me wins writers' award
299,business,Oil prices reach three-month low
300,sport,Hereford 1-1 Doncaster
301,tech,Musical future for phones
302,politics,"UK needs tax cuts, Tories insist"
303,tech,Apple Mac mini gets warm welcome
304,entertainment,Arnold congratulated on Oscar win
305,politics,Labour's election love-in
306,tech,Swap offer for pirated Windows XP
307,sport,Finnan says Irish can win group
308,tech,What price for 'trusted PC security'?
309,business,India seeks to boost construction
310,entertainment,Muslim group attacks TV drama 24
311,politics,Russian ex-spy on hunger strike
312,sport,Chelsea ridiculed over complaint
313,politics,Milburn defends poster campaign
314,business,US crude prices surge above $53
315,tech,BBC leads interactive Bafta wins
316,business,Business confidence dips in Japan
317,business,EMI shares hit by profit warning
318,business,Economy 'stronger than forecast'
319,tech,Bond game fails to shake or stir
320,business,Police detain Chinese milk bosses
321,entertainment,UK's National Gallery in the pink
322,business,Bombardier chief to leave company
323,entertainment,Parker's saxophone heads auction
324,tech,Disney backs Sony DVD technology
325,sport,Barbarians 19-47 New Zealand
326,entertainment,Robots march to US cinema summit
327,sport,Holmes is hit by hamstring injury
328,business,Wembley firm won't make a profit
329,tech,Microsoft plans 'safer ID' system
330,sport,Hewitt survives Nalbandian epic
331,business,World leaders gather to face uncertainty
332,entertainment,Elvis regains top chart position
333,entertainment,Film production 'falls' 40% in UK
334,politics,Kennedy criticises 'unfair' taxes
335,politics,Voters 'reject EU by two to one'
336,business,Takeover offer for Sunderland FC
337,sport,Dal Maso in to replace Bergamasco
338,tech,A decade of good website design
339,entertainment,Stern dropped from radio stations
340,business,European losses hit GM's profits
341,entertainment,Fockers keeps US box office lead
342,sport,Tigers wary of Farrell 'gamble'
343,politics,Fox attacks Blair's Tory 'lies'
344,business,Ailing EuroDisney vows turnaround
345,politics,Brown comes out shooting
346,politics,Mayor will not retract Nazi jibe
347,sport,Moya fights back for Indian title
348,entertainment,US show sued for rat-eating stunt
349,sport,Wales critical of clumsy Grewcock
350,business,House prices show slight increase
351,business,South African car demand surges
352,tech,Viewers to be able to shape TV
353,business,Christmas shoppers flock to tills
354,business,Irish company hit by Iraqi report
355,business,Virgin Blue shares plummet 20%
356,sport,Palace threat over Cantona masks
357,tech,Slimmer PlayStation triple sales
358,politics,Conservative backing for ID cards
359,politics,'Few ready' for information act
360,business,China keeps tight rein on credit
361,business,Millions go missing at China bank
362,entertainment,Ocean's Twelve raids box office
363,entertainment,Kidman wins photographer battle
364,entertainment,Levy takes Whitbread novel prize
365,entertainment,Critics back Aviator for Oscars
366,business,Tsunami cost hits Jakarta shares
367,tech,Broadband challenges TV viewing
368,sport,McCall earns Tannadice reprieve
369,business,Christmas sales worst since 1981
370,entertainment,iTunes now selling Band Aid song
371,business,GSK aims to stop Aids profiteers
372,business,Telegraph newspapers axe 90 jobs
373,tech,Hotspot users gain free net calls
374,business,Saudi ministry to employ women
375,politics,Clarke plans migrant point scheme
376,sport,Henry tipped for Fifa award
377,politics,Blair backs 'pre-election budget'
378,sport,Time to get tough on friendlies?
379,sport,What now for British tennis?
380,entertainment,Aaliyah claim dismissed by court
381,entertainment,The Producers scoops stage awards
382,business,Turkey knocks six zeros off lira
383,politics,Blunkett tells of love and pain
384,tech,Sony wares win innovation award
385,business,Mixed Christmas for US retailers
386,business,US adds more jobs than expected
387,tech,Blind student 'hears in colour'
388,entertainment,Alicia Keys to open US Super Bowl
389,politics,Campaign 'cold calls' questioned
390,sport,Ajax refuse to rule out Jol move
391,sport,Nadal puts Spain 2-0 up
392,entertainment,Abba queen enters music rich list
393,business,Cars pull down US retail figures
394,tech,More movies head to Sony's PSP
395,sport,Hewitt overcomes wobble in Sydney
396,tech,Voters flock to blog awards site
397,entertainment,Cage film's third week at US top
398,business,Bank opts to leave rates on hold
399,tech,EU software patent law faces axe
400,sport,Moya emotional at Davis Cup win
401,sport,Connors boost for British tennis
402,business,Insurance bosses plead guilty
403,sport,Thomas out of Six Nations
404,politics,Terror suspects face house arrest
405,politics,Hatfield executives go on trial
406,tech,What high-definition will do to DVDs
407,business,S&N extends Indian beer venture
408,politics,"Act on detention ruling, UK urged"
409,entertainment,Michael film signals 'retirement'
410,tech,'Podcasters' look to net money
411,business,Crossrail link 'to get go-ahead'
412,entertainment,Godzilla gets Hollywood fame star
413,tech,Nuclear body seeks new tech
414,tech,Britons growing 'digitally obese'
415,tech,Security warning over 'FBI virus'
416,business,Aids and climate top Davos agenda
417,tech,Microsoft releases patches
418,entertainment,The Sound of Music is coming home
419,politics,New 'yob' targets to be unveiled
420,business,Marsh executive in guilty plea
421,sport,O'Sullivan commits to Dublin race
422,business,Home loan approvals rising again
423,tech,Nintendo DS aims to touch gamers
424,tech,Millions buy MP3 players in US
425,entertainment,Aviator 'creator' in Oscars snub
426,sport,Hodges announces rugby retirement
427,sport,O'Sullivan keeps his powder dry
428,business,Lesotho textile workers lose jobs
429,tech,Have hackers recruited your PC?
430,entertainment,Singer Christina Aguilera to wed
431,business,Monsanto fined $1.5m for bribery
432,business,LSE 'sets date for takeover deal'
433,sport,Johansson takes Adelaide victory
434,tech,Gadget show heralds MP3 season
435,tech,PC photo printers challenge pros
436,business,Britannia members' £42m windfall
437,entertainment,Elvis set to top UK singles chart
438,sport,Borders 19-20 Ulster
439,tech,Concern over RFID tags
440,sport,Wada will appeal against ruling
441,sport,Funding cut hits Wales Students
442,entertainment,Wine comedy wins critics' award
443,entertainment,Berlin cheers for anti-Nazi film
444,entertainment,Brit awards for Devon music acts
445,entertainment,Children vote Shrek 2 best film
446,politics,Minimum rate for foster parents
447,sport,Ivanovic seals Canberra victory
448,entertainment,"DVD review: I, Robot"
449,entertainment,Levy tipped for Whitbread prize
450,business,ECB holds rates amid growth fears
451,politics,UKIP could sue Veritas defectors
452,politics,Blunkett hints at election call
453,politics,Defection timed to hit tax pledge
454,business,Metlife buys up Citigroup insurer
455,sport,Munster Cup tie switched to Spain
456,business,Egypt to sell off state-owned bank
457,tech,What's next for next-gen consoles?
458,sport,Campbell rescues Arsenal
459,sport,Greek duo cleared in doping case
460,politics,'EU referendum could cost £80m'
461,politics,Blair congratulates Bush on win
462,sport,Old Firm pair handed suspensions
463,business,Further rise in UK jobless total
464,tech,Casual gaming to 'take off'
465,business,US economy shows solid GDP growth
466,tech,Digital UK driven by net and TV
467,sport,Wolves appoint Hoddle as manager
468,business,Yukos unit buyer faces loan claim
469,business,US Airways staff agree to pay cut
470,tech,Software watching while you work
471,sport,O'Gara revels in Ireland victory
472,entertainment,John Peel replacement show begins
473,politics,Candidate resigns over BNP link
474,politics,Blair returns from peace mission
475,sport,Federer joins all-time greats
476,politics,Brown 'proud of economy record'
477,tech,Broadband fuels online expression
478,sport,Butler strikes gold in Spain
479,business,UK homes hit £3.3 trillion total
480,entertainment,Low-budget film wins Cesar
481,tech,Warning over Windows Word files
482,business,Brussels raps mobile call charges
483,business,Beijingers fume over parking fees
484,politics,At a glance: Tory health checks
485,entertainment,Berlin applauds Hotel Rwanda
486,business,Tsunami slows Sri Lanka's growth
487,sport,Rovers reject third Ferguson bid
488,business,Oil companies get Russian setback
489,sport,Yelling takes Cardiff hat-trick
490,business,Laura Ashley chief stepping down
491,tech,Peer-to-peer nets 'here to stay'
492,tech,Gadget growth fuels eco concerns
493,sport,Koubek suspended after drugs test
494,tech,Smart search lets art fans browse
495,tech,Virus poses as Christmas e-mail
496,politics,The memory driving Brown's mission
497,entertainment,Doves soar to UK album summit
498,tech,Mobile games come of age
499,sport,Lions blow to World Cup stars
500,tech,Kenyan school turns to handhelds
501,tech,EU software patent law faces axe
502,tech,Text messages aid disaster recovery
503,politics,Sport betting rules in spotlight
504,business,Deutsche Boerse boosts dividend
505,entertainment,Ray Charles studio becomes museum
506,politics,Borders rail link campaign rally
507,politics,Tories pledge free sports lessons
508,entertainment,German music in a 'zombie' state
509,sport,Charvis set to lose fitness bid
510,politics,UKIP outspent Labour on EU poll
511,business,Businesses fail to plan for HIV
512,sport,Desailly backs Blues revenge trip
513,politics,Labour accused of broken pledge
514,politics,Prime minister's questions
515,entertainment,Brookside creator's Channel 4 bid
516,entertainment,Obituary: Dame Alicia Markova
517,business,Troubled Marsh under SEC scrutiny
518,tech,File-swappers ready new network
519,business,Electrolux to export Europe jobs
520,politics,'Nuclear dumpsite' plan attacked
521,sport,Edwards tips Idowu for Euro gold
522,politics,TV debate urged for party chiefs
523,sport,Angry Williams rejects criticism
524,entertainment,Hundreds vie for best film Oscar
525,politics,Schools to take part in mock poll
526,entertainment,Eminem secret gig venue revealed
527,entertainment,Housewives lift Channel 4 ratings
528,business,Ukraine steel sell-off 'illegal'
529,tech,US woman sues over ink cartridges
530,sport,Bellamy under new fire
531,tech,Technology gets the creative bug
532,politics,UK 'needs true immigration data'
533,politics,Chancellor rallies Labour voters
534,entertainment,Spector facing more legal action
535,business,Worldcom ex-boss launches defence
536,entertainment,Briton wins short film Oscar
537,entertainment,Film star Fox behind theatre bid
538,sport,Moore questions captaincy
539,politics,End Bush 'denial' Blair tells EU
540,business,Survey confirms property slowdown
541,politics,Mrs Howard gets key election role
542,sport,A November to remember
543,tech,New Year's texting breaks record
544,business,UK firm faces Venezuelan land row
545,entertainment,Tough schedule delays Elliot show
546,tech,First look at PlayStation 3 chip
547,entertainment,Eurovision 'greats' to do battle
548,entertainment,Britney attacks 'false tabloids'
549,sport,Benitez deflects blame from Dudek
550,tech,Media gadgets get moving
551,tech,Seamen sail into biometric future
552,sport,D'Arcy injury adds to Ireland woe
553,tech,Freeze on anti-spam campaign
554,sport,Hingis hints at playing comeback
555,business,Yukos seeks court action on sale
556,business,Burren awarded Egyptian contracts
557,tech,Net fingerprints combat attacks
558,tech,Tough rules for ringtone sellers
559,business,BMW to recall faulty diesel cars
560,business,Profits jump at China's top bank
561,sport,Clijsters set for February return
562,business,Dollar slides ahead of New Year
563,sport,Giggs handed Wales leading role
564,entertainment,Farrell due to make US TV debut
565,sport,Off-colour Gardener storms to win
566,tech,Players sought for $1m prize
567,sport,White admits to Balco drugs link
568,business,Building giant in asbestos payout
569,business,Ford gains from finance not cars
570,politics,Talks aim to avert pension strike
571,sport,QPR keeper Day heads for Preston
572,business,"US insurer Marsh cuts 2,500 jobs"
573,politics,February poll claim 'speculation'
574,politics,Assembly ballot papers 'missing'
575,tech,US state acts to stop 'spammers'
576,business,"Rover deal 'may cost 2,000 jobs'"
577,business,Iran budget seeks state sell-offs
578,tech,UK pioneers digital film network
579,tech,Sony PSP tipped as a 'must-have'
580,tech,Speech takes on search engines
581,tech,UK net users leading TV downloads
582,business,US prepares for hybrid onslaught
583,business,Algeria hit by further gas riots
584,politics,Probe launched on Ken Nazi jibe
585,tech,Microsoft seeking spyware trojan
586,tech,Broadband steams ahead in the US
587,politics,EU China arms ban 'to be lifted'
588,business,BMW cash to fuel Mini production
589,sport,Wales make two changes for France
590,politics,Civil servants in strike ballot
591,business,JP Morgan admits US slavery links
592,politics,MPs criticise child access system
593,tech,Slow start to speedy net services
594,entertainment,Public show for Reynolds portrait
595,sport,McClaren targets Champions League
596,tech,Broadband in the UK growing fast
597,tech,Napster offers rented music to go
598,politics,"Protect whistleblowers, TUC says"
599,sport,Injury sidelines Philippoussis
600,business,Court rejects $280bn tobacco case
601,business,UK economy facing 'major risks'
602,business,Small firms 'hit by rising costs'
603,business,EU-US seeking deal on air dispute
604,politics,Jowell rejects 'Las Vegas' jibe
605,tech,Anti-spam screensaver scrapped
606,entertainment,Moreno debut makes Oscar mark
607,politics,Strike threat over pension plans
608,politics,Vouchers 'to cut winter deaths'
609,business,Ad firm WPP's profits surge 15%
610,sport,Benitez issues warning to Gerrard
611,politics,Straw backs ending China embargo
612,politics,Parties warned over 'grey vote'
613,tech,Call for action on internet scam
614,business,Cairn Energy in Indian gas find
615,sport,Wilkinson to lead England
616,entertainment,Little Britain two top comic list
617,business,Golden rule 'intact' says ex-aide
618,entertainment,Arthur Hailey: King of the bestsellers
619,business,Singapore growth at 8.1% in 2004
620,sport,Gebrselassie in London triple bid
621,tech,Mobile picture power in your pocket
622,sport,Collins banned in landmark case
623,politics,Kilroy launches 'Veritas' party
624,sport,Spain coach faces racism inquiry
625,business,Mixed reaction to Man Utd offer
626,tech,Half-Life 2 sweeps Bafta awards
627,politics,Student 'inequality' exposed
628,business,Cairn shares slump on oil setback
629,sport,Calder fears for Scottish rugby
630,sport,Wales want rugby league training
631,sport,English clubs make Euro history
632,entertainment,How the Academy Awards flourished
633,sport,Rochus shocks Coria in Auckland
634,sport,Benitez joy as Reds take control
635,business,Senior Fannie Mae bosses resign
636,politics,Kilroy-Silk quits 'shameful' UKIP
637,tech,Portable PlayStation ready to go
638,tech,Speak easy plan for media players
639,politics,Leaders meet over Turkish EU bid
640,entertainment,TOTP turns to Elvis impersonator
641,sport,Henin-Hardenne beaten on comeback
642,sport,Gerrard plays down European hopes
643,business,Beer giant swallows Russian firm
644,sport,Tomlinson stays focused on Europe
645,entertainment,Lit Idol begins search for author
646,business,Winter freeze keeps oil above $50
647,tech,Web logs aid disaster recovery
648,business,McDonald's boss Bell dies aged 44
649,business,German bidder in talks with LSE
650,politics,MP attacked by muggers in Kenya
651,tech,Cabs collect mountain of mobiles
652,sport,Wenger keeping faith with Almunia
653,business,Asia shares defy post-quake gloom
654,entertainment,No jail for singer Courtney Love
655,sport,Hamm bows out for US
656,business,Enron bosses in $168m payout
657,business,Weak dollar trims Cadbury profits
658,entertainment,Youssou N'Dour wins music prize
659,business,Oil prices fall back from highs
660,tech,'Brainwave' cap controls computer
661,sport,Jones files lawsuit against Conte
662,business,'Golden economic period' to end
663,business,Buyers snap up Jet Airways' shares
664,tech,Gates opens biggest gadget fair
665,business,Rank 'set to sell off film unit'
666,tech,Apple sues to stop product leaks
667,business,Ad sales boost Time Warner profit
668,entertainment,Controversial film tops festival
669,politics,Economy focus for election battle
670,politics,Brown outlines third term vision
671,business,Shares hit by MS drug suspension
672,tech,PlayStation 3 processor unveiled
673,politics,UK rebate 'unjustified' - Chirac
674,tech,EA to take on film and TV giants
675,entertainment,West End to honour finest shows
676,business,US regulator to rule on pain drug
677,politics,CSA chief who 'quit' still in job
678,politics,Hospital suspends 'no Welsh' plan
679,business,Euronext joins bid battle for LSE
680,tech,Joke e-mail virus tricks users
681,tech,Movie body targets children's PCs
682,business,Car giant hit by Mercedes slump
683,sport,Mauresmo opens with victory in LA
684,politics,Guantanamo four free in weeks
685,politics,"CSA 'could close', says minister"
686,entertainment,Oscar host Rock to keep it clean
687,entertainment,TV presenter Deeley drops CD:UK
688,tech,Xbox 2 may be unveiled in summer
689,entertainment,Downloads enter US singles chart
690,sport,Bomb threat at Bernabeu stadium
691,tech,Humanoid robot learns how to run
692,business,Firms pump billions into pensions
693,politics,Turkey deal 'to help world peace'
694,politics,Observers to monitor UK election
695,sport,Ferguson rues failure to cut gap
696,sport,Solskjaer raises hopes of return
697,sport,Newcastle line up Babayaro
698,politics,Stalemate in pension strike talks
699,entertainment,Berlin honours S Korean director
700,sport,Jansen suffers a further setback
701,tech,Search sites get closer to users
702,sport,Greene sets sights on world title
703,tech,Norway upholds 'Napster' ruling
704,sport,Bristol City 2-1 Milton Keynes
705,entertainment,Casino Royale is next Bond movie
706,entertainment,Fantasy book wins Hollywood deal
707,entertainment,Greer attacks 'bully' Big Brother
708,politics,Labour's four little words
709,sport,Robinson wants dual code success
710,politics,Howard attacks cost of asylum
711,entertainment,Manics in charge of BBC 6 Music
712,sport,O'Leary agrees new Villa contract
713,tech,Apple iPod family expands market
714,sport,Rush future at Chester uncertain
715,tech,Camera phones are 'must-haves'
716,tech,Sun offers processing by the hour
717,business,Disney settles disclosure charges
718,business,Bank set to leave rates on hold
719,sport,Sculthorpe wants Lions captaincy
720,sport,Barcelona title hopes hit by loss
721,sport,Duff ruled out of Barcelona clash
722,sport,Wenger steps up row
723,politics,'Best person' for top legal job
724,business,Wal-Mart fights back at accusers
725,entertainment,'Christmas song formula' unveiled
726,sport,Moya sidesteps Davis Cup in 2005
727,entertainment,Tarantino to direct CSI episode
728,sport,Scrum-half Williams rejoins Bath
729,entertainment,Da Vinci Code is 'lousy history'
730,politics,UKIP MEP attacked German 'empire'
731,entertainment,Ray DVD beats box office takings
732,business,US budget deficit to reach $368bn
733,tech,US duo in first spam conviction
734,tech,China 'ripe' for media explosion
735,tech,Blogger grounded by her airline
736,tech,DVD copy protection strengthened
737,entertainment,Fockers retain film chart crown
738,sport,Farrell saga to drag on - Lindsay
739,politics,E-University 'disgraceful waste'
740,business,Ukraine trims privatisation check
741,tech,Mac Mini heralds mini revolution
742,business,Axa Sun Life cuts bonus payments
743,politics,Galloway targets 'New Labour' MP
744,entertainment,Brits return Keane to number one
745,sport,Kenteris denies faking road crash
746,tech,Sporting rivals go to extra time
747,entertainment,Wife Swap makers sue US 'copycat'
748,sport,Melzer shocks Agassi
749,sport,Johnson uncertain about Euro bid
750,tech,Set your television to wow
751,sport,Jol joy at 'professional' Cup win
752,sport,McClaren eyes Uefa Cup top spot
753,business,Bush to get 'tough' on deficit
754,tech,Microsoft launches its own search
755,sport,Dallaglio his own man to the end
756,tech,China 'to overtake US net use'
757,sport,Ferguson hails Man Utd's resolve
758,business,Australia rates at four year high
759,sport,Thanou desperate to make return
760,politics,Faith schools citizenship warning
761,business,Fosters buys stake in winemaker
762,sport,Captains lining up for Aid match
763,politics,Kilroy-Silk attacked with slurry
764,business,Absa and Barclays talks continue
765,tech,Microsoft makes anti-piracy move
766,politics,Guantanamo pair's passport ban
767,politics,Straw praises Kashmir moves
768,sport,Murray to make Cup history
769,sport,Newcastle 27-27 Gloucester
770,politics,Escaped prisoner report ordered
771,entertainment,Rap boss arrested over drug find
772,sport,Dementieva prevails in Hong Kong
773,tech,The gaming world in 2005
774,tech,Firefox browser takes on Microsoft
775,sport,WRU proposes season overhaul
776,tech,ITunes user sues Apple over iPod
777,tech,Dublin hi-tech labs to shut down
778,politics,Kilroy launches 'Veritas' party
779,politics,Kennedy to make temple address
780,politics,Brown calls for £5.5bn Aids fund
781,business,News Corp makes $5.4bn Fox offer
782,tech,Hacker threat to Apple's iTunes
783,entertainment,Media seek Jackson 'juror' notes
784,entertainment,Joy Division story to become film
785,sport,Martinez sees off Vinci challenge
786,business,Ask Jeeves tips online ad revival
787,business,Bank voted 8-1 for no rate change
788,business,Irish markets reach all-time high
789,business,Takeover rumour lifts Exel shares
790,business,Delta cuts fares in survival plan
791,entertainment,Oscar nominees lack pulling power
792,business,Saudi NCCI's shares soar
793,sport,Wales hails new superstar
794,entertainment,Pop band Busted to 'take a break'
795,entertainment,Singer Sizzla jailed for swearing
796,sport,Uefa approves fake grass
797,sport,Arsenal through on penalties
798,tech,China 'blocks Google news site'
799,business,Yukos bankruptcy 'not US matter'
800,sport,African double in Edinburgh
801,politics,Lib Dems demand new inquiry
802,tech,Santy worm makes unwelcome visit
803,politics,Blair dismisses quit claim report
804,sport,Robben plays down European return
805,politics,Labour plans maternity pay rise
806,business,Cash gives way to flexible friend
807,business,Brazil approves bankruptcy reform
808,politics,'Last chance' warning for voters
809,tech,Games 'deserve a place in class'
810,business,Circuit City gets takeover offer
811,sport,Thompson says Gerrard should stay
812,entertainment,Spike Lee backs student directors
813,politics,Blair 'damaged' by Blunkett row
814,tech,Musicians 'upbeat' about the net
815,politics,Profile: David Miliband
816,sport,Highbury tunnel players in clear
817,entertainment,Celebrities get to stay in jungle
818,business,Tate & Lyle boss bags top award
819,entertainment,Ocean's Twelve raids box office
820,tech,Virgin Radio offers 3G broadcast
821,business,US interest rate rise expected
822,sport,Agassi fear for Melbourne
823,politics,Pre-poll clash on tax and spend
824,politics,David Blunkett in quotes
825,entertainment,Jackson film 'absolute disaster'
826,entertainment,Women in film 'are earning less'
827,tech,'No re-draft' for EU patent law
828,politics,Schools to take part in mock poll
829,entertainment,Aviator and Vera take Bafta glory
830,sport,Chelsea denied by James heroics
831,sport,Wales silent on Grand Slam talk
832,tech,Parents face video game lessons
833,politics,Parties build up poll war chests
834,tech,US duo in first spam conviction
835,entertainment,Prince crowned 'top music earner'
836,sport,Corry backs skipper Robinson
837,business,Ebbers 'aware' of WorldCom fraud
838,business,US company admits Benin bribery
839,entertainment,School tribute for TV host Carson
840,sport,Bath faced with Tindall ultimatum
841,sport,France v Wales (Sat)
842,politics,'No UK apology' for colonial past
843,tech,Man auctions ad space on forehead
844,sport,Robben sidelined with broken foot
845,business,Five million Germans out of work
846,tech,'Friends fear' with lost mobiles
847,entertainment,Actress Roberts takes spider role
848,sport,Parry relishes Anfield challenge
849,business,Asia quake increases poverty risk
850,politics,UK pledges £1bn to vaccine effort
851,politics,Councils 'must find Gypsy sites'
852,politics,Police chief backs drinking move
853,tech,Argonaut founder rebuilds empire
854,tech,Supercomputer breaks speed record
855,politics,MPs issued with Blackberry threat
856,tech,Anti-spam laws bite spammer hard
857,entertainment,US charity anthem is re-released
858,business,SEC to rethink post-Enron rules
859,business,Wall Street cheers Bush victory
860,business,Lloyd's of London head chides FSA
861,entertainment,Pop band Busted to 'take a break'
862,business,Euro firms miss out on optimism
863,politics,MPs to debate 'euthanasia laws'
864,entertainment,Jungle TV show ratings drop by 4m
865,politics,UK helps raped Rwandan women
866,business,Low-cost airlines hit Eurotunnel
867,entertainment,Belle named 'best Scottish band'
868,sport,Radcliffe enjoys winning comeback
869,politics,Tories leave door open for Archer
870,business,The 'ticking budget' facing the US
871,entertainment,Hillbillies singer Scoggins dies
872,tech,Warnings on woeful wi-fi security
873,tech,US peer-to-peer pirates convicted
874,politics,Asylum children to face returns
875,sport,Disappointed Scott in solid start
876,entertainment,U2's desire to be number one
877,sport,Johnson announces June retirement
878,tech,Rivals of the £400 Apple...
879,tech,Gangsters dominate gaming chart
880,politics,Howard rejects BNP's claim
881,tech,Lasers help bridge network gaps
882,business,Iraq to invite phone licence bids
883,business,Japanese growth grinds to a halt
884,business,Japan's ageing workforce: built to last
885,politics,Hague's six-figure earnings shown
886,politics,Police urge pub closure power
887,sport,Liverpool revel in night of glory
888,tech,Xbox power cable 'fire fear'
889,business,German economy rebounds
890,business,Standard Life cuts policy bonuses
891,business,China's Shanda buys stake in Sina
892,entertainment,Pixies take on Reading and Leeds
893,politics,Kelly trails new discipline power
894,entertainment,Music mogul Fuller sells company
895,entertainment,Stallone evicted from Big Brother
896,business,BMW reveals new models pipeline
897,politics,Minimum wage increased to £5.05
898,politics,UK set to cut back on embassies
899,business,"GM, Ford cut output as sales fall"
900,entertainment,Lopez misses UK charity premiere
901,politics,Immigration to be election issue
902,politics,'Hitler' row over Welsh arts cash
903,politics,Will Tory tax cuts lift spirits?
904,business,Chinese wine tempts Italy's Illva
905,sport,Scots suffer another injury blow
906,entertainment,Shark Tale DVD is US best-seller
907,tech,New consoles promise big problems
908,tech,What high-definition will do to DVDs
909,tech,Satellite mapping aids Darfur relief
910,entertainment,Elvis fans hold birthday bash
911,business,UK young top Euro earnings league
912,politics,Child access laws shake-up
913,sport,Can Smith work Scottish wonders?
914,tech,UK gets official virus alert site
915,business,US manufacturing expands
916,entertainment,Singer's film to show at festival
917,business,China had role in Yukos split-up
918,entertainment,Brits debate over 'urban' music
919,entertainment,Snow Patrol bassist exits group
920,business,Russian oil merger excludes Yukos
921,business,Latin America sees strong growth
922,sport,Wales get Williams fitness boost
923,business,S Korea spending boost to economy
924,politics,Howard 'truanted to play snooker'
925,business,Barclays profits hit record level
926,politics,EU referendum question unveiled
927,politics,Kennedy looks to election gains
928,tech,California sets fines for spyware
929,tech,Home phones face unclear future
930,tech,Multi-purpose TV aids India
931,politics,Job cuts 'false economy'  - TUC
932,politics,Research fears over Kelly's views
933,sport,Yeading face Newcastle in FA Cup
934,sport,Van Nistelrooy set to return
935,entertainment,Versace art portfolio up for sale
936,business,Call to overhaul UK state pension
937,entertainment,Boogeyman takes box office lead
938,sport,Radcliffe will compete in London
939,entertainment,Lasting influence of legend Charles
940,business,Macy's owner buys rival for $11bn
941,entertainment,'My memories of Marley...'
942,entertainment,DVD review: Harry Potter and the Prisoner of Azkaban
943,business,US interest rates increased to 2%
944,tech,Consumer concern over RFID tags
945,tech,Smartphones suffer Skulls attack
946,business,Weak dollar hits Reuters
947,business,Warning over US pensions deficit
948,entertainment,Gervais writing Simpsons episode
949,business,LSE doubts boost bidders' shares
950,business,Salary scandal in Cameroon
951,entertainment,Johnny and Denise lose Passport
952,business,Pension hitch for long-living men
953,business,Hyundai to build new India plant
954,entertainment,Top of the Pops leaves BBC One
955,tech,Toxic web links help virus spread
956,sport,Pountney handed ban and fine
957,politics,Blair defends terror law changes
958,tech,Solutions to net security fears
959,sport,Real will finish abandoned match
960,sport,Chelsea clinch cup in extra-time
961,politics,'Poll Idols' face first hurdles
962,sport,Parker misses England clash
963,entertainment,Branson show flops on US screens
964,entertainment,Snicket tops US box office chart
965,entertainment,Hoffman hits out over modern film
966,business,WMC says Xstrata bid is too low
967,sport,England coach faces rap after row
968,entertainment,Smith loses US box office crown
969,tech,'Evil twin' fear for wireless net
970,business,UK house prices dip in November
971,politics,Blair rejects Iraq advice calls
972,tech,UK broadband gets speed injection
973,entertainment,Hollywood ready for Oscars night
974,business,India's Maruti sees profits jump
975,business,M&S cuts prices by average of 24%
976,tech,Spam e-mails tempt net shoppers
977,sport,Hearts of Oak 3-2 Cotonsport
978,sport,Ferguson urges Henry punishment
979,politics,Blair looks to election campaign
980,tech,Gadget show heralds MP3 Christmas
981,business,Dollar hovers around record lows
982,tech,Apple iPod family expands market
983,entertainment,Last Star Wars 'not for children'
984,tech,Remote control rifle range debuts
985,business,Japan narrowly escapes recession
986,politics,Taxes must be trusted - Kennedy
987,business,French suitor holds LSE meeting
988,sport,Jones doping probe begins
989,entertainment,Bollywood DVD fraudster is jailed
990,sport,Classy Henman makes winning start
991,business,FBI agent colludes with analyst
992,business,Banker loses sexism claim
993,politics,Opposition grows to house arrests
994,sport,Minister digs in over doping row
995,sport,Candela completes Bolton switch
996,business,Steady job growth continues in US
997,tech,Games firms 'face tough future'
998,politics,PM apology over jailings
999,business,French boss to leave EADS
1000,sport,Collins appeals against drugs ban
1001,business,France Telecom gets Orange boost
1002,sport,Smith aims to bring back respect
1003,business,Barclays shares up on merger talk
1004,sport,McIlroy wins 800m indoor title
1005,business,India's Deccan gets more planes
1006,tech,US blogger fired by her airline
1007,sport,Henson stakes early Lions claim
1008,politics,Talks held on Gibraltar's future
1009,entertainment,Black Sabbath top rock album poll
1010,politics,Butler launches attack on Blair
1011,entertainment,French honour for director Parker
1012,sport,Dent continues Adelaide progress
1013,sport,Lewis-Francis turns to Christie
1014,tech,More women turn to net security
1015,politics,Brown names 16 March for Budget
1016,sport,Holmes urged to compete at Worlds
1017,politics,Tories unveil quango blitz plans
1018,tech,US top of supercomputing charts
1019,tech,Online commons to spark debate
1020,tech,Be careful how you code
1021,sport,Desailly backs Blues revenge trip
1022,politics,Mallon wades into NE vote battle
1023,entertainment,Oasis star fined for German brawl
1024,business,House prices rebound says Halifax
1025,business,Swiss cement firm in buying spree
1026,sport,Sydney to host north v south game
1027,sport,Radcliffe yet to answer GB call
1028,business,Standard Life concern at LSE bid
1029,business,'Post-Christmas lull' in lending
1030,politics,MPs issued with Blackberry threat
1031,sport,Thanou bullish over drugs hearing
1032,politics,Cherie accused of attacking Bush
1033,tech,A question of trust and technology
1034,business,G7 backs Africa debt relief plan
1035,entertainment,Musical treatment for Capra film
1036,tech,Video phone help for deaf people
1037,tech,Finding new homes for old phones
1038,politics,Hewitt decries 'career sexism'
1039,politics,Lib Dems unveil women's manifesto
1040,politics,Cardinal criticises Iraq war cost
1041,tech,PlayStation 3 chip to be unveiled
1042,business,Economy 'strong' in election year
1043,business,Euronext 'poised to make LSE bid'
1044,sport,Woodward eyes Brennan for Lions
1045,entertainment,Film row over Pirates 'cannibals'
1046,tech,Britons fed up with net service
1047,tech,Net regulation 'still possible'
1048,entertainment,New York rockers top talent poll
1049,entertainment,Sir Paul rocks Super Bowl crowds
1050,sport,Robinson ready for difficult task
1051,politics,MPs demand 'Budget leak' answers
1052,business,India unveils anti-poverty budget
1053,tech,Microsoft gets the blogging bug
1054,sport,Teenager Tait picked for England
1055,business,EU aiming to fuel development aid
1056,entertainment,Poppins musical gets flying start
1057,entertainment,Neeson in bid to revive theatre
1058,tech,Broadband in the UK growing fast
1059,tech,Spam e-mails tempt net shoppers
1060,politics,Labour targets 'hardcore truants'
1061,business,S Korean lender faces liquidation
1062,sport,Jones happy with Henson heroics
1063,entertainment,BBC denies Blackadder TV comeback
1064,business,Germany nears 1990 jobless level
1065,tech,Rings of steel combat net attacks
1066,business,Golden rule boost for Chancellor
1067,politics,Final hunts held as ban looms
1068,business,Gold falls on IMF sale concerns
1069,sport,Player burn-out worries Robinson
1070,business,Russia gets investment blessing
1071,sport,Bortolami predicts dour contest
1072,business,Two Nigerian banks set to merge
1073,entertainment,Top gig award for Scissor Sisters
1074,tech,Gritty return for Prince of Persia
1075,politics,Parties' plans for council tax
1076,business,Stock market eyes Japan recovery
1077,business,China now top trader with Japan
1078,business,Orange colour clash set for court
1079,entertainment,Rock band U2 break ticket record
1080,sport,Capriati to miss Melbourne
1081,sport,Johnson edges out rival Sotherton
1082,entertainment,Mutant book wins Guardian prize
1083,sport,O'Connell rejects Lions rumours
1084,politics,Conservative MP defects to Labour
1085,sport,Henman hopes ended in Dubai
1086,entertainment,De Niro completes box office coup
1087,politics,Howard dismisses Tory tax fears
1088,politics,Police probe BNP mosque leaflet
1089,sport,Kerr frustrated at victory margin
1090,entertainment,Scissor Sisters triumph at Brits
1091,sport,Preview: Ireland v England (Sun)
1092,business,Nigeria to boost cocoa production
1093,sport,Anelka 'eyes Man City departure'
1094,business,US bank boss hails 'genius' Smith
1095,business,Profits slide at India's Dr Reddy
1096,business,Bargain calls widen Softbank loss
1097,sport,Chepkemei hit by big ban
1098,tech,Sony PSP handheld console hits US
1099,entertainment,Double win for Sea Inside
1100,politics,Cabinet anger at Brown cash raid
1101,entertainment,U2 stars enter rock Hall of Fame
1102,business,Iranian MPs threaten mobile deal
1103,politics,Guantanamo man 'suing government'
1104,business,High fuel costs hit US airlines
1105,business,Air Jamaica back in state control
1106,sport,Wenger signs new deal
1107,politics,MSPs hear renewed climate warning
1108,tech,Putting a face to 'Big Brother'
1109,politics,"Nat Insurance to rise, say Tories"
1110,politics,Lords wrong on detainees - Straw
1111,politics,Blair hails Turkey-EU talks deal
1112,tech,Looks and music to drive mobiles
1113,sport,Mourinho plots impressive course
1114,sport,McClaren hails Boro's Uefa spirit
1115,politics,Blair joins school sailing trip
1116,sport,Beckham relief as Real go through
1117,business,DaimlerChrysler's 2004 sales rise
1118,sport,Costin aims for comeback in 2006
1119,sport,Dundee Utd 4-1 Aberdeen
1120,tech,Robotic pods take on car design
1121,tech,Mobile multimedia slow to catch on
1122,entertainment,Mogul Wilson backing UK rap band
1123,entertainment,Rapper Kanye West's shrewd soul
1124,entertainment,Russian film wins BBC world prize
1125,entertainment,Bookmakers back Aviator for Oscar
1126,politics,Brown hits back in Blair rift row
1127,entertainment,OutKast win at MTV Europe Awards
1128,politics,'Debate needed' on donations cap
1129,politics,Mandelson warns BBC on Campbell
1130,business,Mild winter drives US oil down 6%
1131,sport,Moody joins up with England
1132,politics,'No more concessions' on terror
1133,entertainment,Brits return Keane to number one
1134,business,SBC plans post-takeover job cuts
1135,sport,Running around the Olympics
1136,tech,Mobiles double up as bus tickets
1137,entertainment,Fockers fuel festive film chart
1138,tech,Hollywood campaign hits websites
1139,business,Brewers' profits lose their fizz
1140,business,Booming markets shed few tears
1141,entertainment,Vibe awards back despite violence
1142,tech,Reboot ordered for EU patent law
1143,politics,Could rivalry overshadow election?
1144,business,India power shares jump on debut
1145,politics,Crisis 'ahead in social sciences'
1146,business,Bush budget seeks deep cutbacks
1147,politics,Blair told to double overseas aid
1148,sport,Holmes back on form in Birmingham
1149,politics,Ministers 'naive' over phone-taps
1150,politics,UK's 'useless' quangos under fire
1151,entertainment,Downloads enter US singles chart
1152,politics,Whitehall shredding increasing - Tories
1153,business,Tsunami to cost Sri Lanka $1.3bn
1154,politics,Ex-PM Lord Callaghan dies aged 92
1155,politics,Straw attacked on China arms
1156,business,GM pays $2bn to evade Fiat buyout
1157,business,Call to save manufacturing jobs
1158,tech,Cheaper chip for mobiles
1159,politics,Kennedy questions trust of Blair
1160,tech,Mobile audio enters new dimension
1161,entertainment,Charity single for quake relief
1162,business,MCI shares climb on takeover bid
1163,sport,Greek sprinters 'won't run again'
1164,sport,Hantuchova in Dubai last eight
1165,sport,Trial date is set for Balco case
1166,politics,Will the Budget bring out smiling voters?
1167,business,WorldCom bosses' $54m payout
1168,entertainment,Top stars join US tsunami TV show
1169,business,Renault boss hails 'great year'
1170,sport,O'Driscoll/Gregan lead Aid stars
1171,entertainment,Oscar nominee Dan O'Herlihy dies
1172,entertainment,Usher leads Soul Train shortlist
1173,sport,Chelsea sack Mutu
1174,business,Yukos heading back to US courts
1175,tech,Creator of first Apple Mac dies
1176,politics,Labour battle plan 'hides Blair'
1177,politics,Election 'could be terror target'
1178,business,Mixed signals from French economy
1179,business,Parmalat to return to stockmarket
1180,tech,Warning over tsunami aid website
1181,business,Jobs go at Oracle after takeover
1182,politics,Muslims discuss election concerns
1183,politics,Straw to attend Auschwitz service
1184,sport,2004: An Irish Athletics Year
1185,tech,Video phones act as dating tools
1186,sport,Harinordoquy suffers France axe
1187,sport,Claxton hunting first major medal
1188,business,Stormy year for property insurers
1189,tech,Robots learn 'robotiquette' rules
1190,politics,England children's tsar appointed
1191,business,EU ministers to mull jet fuel tax
1192,sport,"Umaga ready for ""fearsome"" Lions"
1193,business,Fiat chief takes steering wheel
1194,sport,Robben and Cole earn Chelsea win
1195,tech,TV's future down the phone line
1196,politics,Blair and Blunkett Sheffield trip
1197,politics,Kilroy names election seat target
1198,entertainment,Little Britain vies for TV trophy
1199,tech,2D Metal Slug offers retro fun
1200,tech,Learning to love broadband
1201,business,Argentina closes $102.6bn debt swap
1202,tech,Doors open at biggest gadget fair
1203,tech,Anti-tremor mouse stops PC shakes
1204,politics,Howard unveils Tory asylum plans
1205,tech,Commodore finds new lease of life
1206,politics,Hague 'given up' his PM ambition
1207,business,'Strong dollar' call halts slide
1208,business,Israeli economy picking up pace
1209,tech,Hi-tech posters guide commuters
1210,politics,Blair ready to call election
1211,politics,Game warnings 'must be clearer'
1212,sport,Scotland 18-10 Italy
1213,sport,Isinbayeva claims new world best
1214,business,Electronics firms eye plasma deal
1215,entertainment,Pete Doherty misses bail deadline
1216,tech,BT boosts its broadband packages
1217,entertainment,Rapper films music video in jail
1218,business,Asian quake hits European shares
1219,sport,Ferguson rues failure to cut gap
1220,sport,Wenger handed summer war chest
1221,business,Train strike grips Buenos Aires
1222,sport,Brentford v Southampton
1223,politics,Women MPs reveal sexist taunts
1224,entertainment,CSI shows give 'unrealistic view'
1225,business,Yangtze Electric's profits double
1226,sport,Edgy Agassi struggles past Dent
1227,business,US in EU tariff chaos trade row
1228,sport,Italy aim to rattle England
1229,politics,Terror detainees win Lords appeal
1230,entertainment,EastEnders 'is set for US remake'
1231,sport,Ruddock backs Yapp's credentials
1232,sport,Henman to face Saulnier test
1233,tech,Junk e-mails on relentless rise
1234,politics,MP's shock at long lost daughter
1235,business,Troubled Marsh under SEC scrutiny
1236,politics,Labour's Cunningham to stand down
1237,business,Vodafone appoints new Japan boss
1238,sport,Edu blasts Arsenal
1239,sport,Hearts 2-1 Livingston
1240,business,Parmalat bank barred from suing
1241,entertainment,Famed music director Viotti dies
1242,entertainment,God cut from Dark Materials film
1243,sport,FA decides not to punish Mourinho
1244,business,Green reports shun supply chain
1245,tech,Microsoft takes on desktop search
1246,politics,Goldsmith: 'I was not leant on'
1247,entertainment,Oscar nominees gear up for lunch
1248,sport,Reds sink 10-man Magpies
1249,politics,Child access law shake-up planned
1250,sport,Gallas sees two-horse race
1251,politics,Boris opposes mayor apology
1252,tech,Tough rules for ringtone sellers
1253,entertainment,Show over for MTV's The Osbournes
1254,sport,Tulu to appear at Caledonian run
1255,tech,Big war games battle it out
1256,tech,Who do you think you are?
1257,business,Air passengers win new EU rights
1258,politics,BNP leader Nick Griffin arrested
1259,entertainment,Berlin hails European cinema
1260,sport,Mourinho defiant on Chelsea form
1261,entertainment,Cult band Kasabian surge forward
1262,business,US to rule on Yukos refuge call
1263,sport,Dawson joins England injury list
1264,business,Yukos accused of lying to court
1265,business,Glaxo aims high after profit fall
1266,business,German business confidence slides
1267,tech,'Blog' picked as word of the year
1268,politics,Choose hope over fear - Kennedy
1269,business,WorldCom trial starts in New York
1270,tech,Screensaver tackles spam websites
1271,tech,Microsoft releases bumper patches
1272,sport,Cole faces lengthy injury lay-off
1273,sport,Man Utd through after Exeter test
1274,politics,Thousands join strike in Wales
1275,tech,T-Mobile bets on 'pocket office'
1276,business,Economy 'strong' in election year
1277,sport,Parmar ruled out of Davis Cup tie
1278,sport,Merritt close to indoor 400m mark
1279,entertainment,Springer criticises Opera musical
1280,entertainment,Spark heads world Booker list
1281,entertainment,Willis sues over movie 'injury'
1282,tech,Camera phones are 'must-haves'
1283,entertainment,Ethnic producers 'face barriers'
1284,business,Ebbers denies WorldCom fraud
1285,tech,The year search became personal
1286,tech,'No re-draft' for EU patent law
1287,tech,Football Manager scores big time
1288,business,Making your office work for you
1289,sport,All Black magic: New Zealand rugby
1290,entertainment,US actor Ossie Davis found dead
1291,sport,Stuart joins Norwich from Addicks
1292,sport,Man City 0-2 Man Utd
1293,sport,Henman decides to quit Davis Cup
1294,business,'Standoff' on Deutsche's LSE bid
1295,sport,Safin plays down Wimbledon hopes
1296,business,US data sparks inflation worries
1297,politics,Labour faces 'cold calls' inquiry
1298,business,Yukos unit fetches $9bn at auction
1299,entertainment,Fears raised over ballet future
1300,business,SA unveils 'more for all' budget
1301,sport,Celtic make late bid for Bellamy
1302,politics,Brown in appeal for Labour unity
1303,politics,Blair 'up for it' ahead of poll
1304,politics,Malik rejects all-black MP lists
1305,business,Water firm Suez in Argentina row
1306,business,Amex shares up on spin-off news
1307,sport,Spain coach faces racism inquiry
1308,tech,Microsoft gets the blogging bug
1309,entertainment,Slater to star in Broadway play
1310,business,Watchdog probes Vivendi bond sale
1311,sport,Vickery out of Six Nations
1312,sport,Mirza shocks Kuznetsova
1313,tech,Cable offers video-on-demand
1314,sport,Wasps 31-37 Leicester
1315,business,Industrial revival hope for Japan
1316,sport,Blues slam Blackburn over Savage
1317,sport,Wilkinson to miss Ireland match
1318,politics,Retirement age could be scrapped
1319,politics,"Analysis: No pain, no gain?"
1320,sport,Collins named UK Athletics chief
1321,business,House prices suffer festive fall
1322,sport,Dominici backs lacklustre France
1323,sport,Fear will help France - Laporte
1324,entertainment,Band Aid retains number one spot
1325,business,US consumer confidence up
1326,entertainment,Beastie Boys win sampling battle
1327,tech,Gamers snap up new Sony PSP
1328,business,Strong demand triggers oil rally
1329,business,Japanese mogul arrested for fraud
1330,business,AstraZeneca hit by drug failure
1331,tech,Internet boom for gift shopping
1332,business,Crude oil prices back above $50
1333,sport,Roddick to face Saulnier in final
1334,tech,Freeze on anti-spam campaign
1335,politics,Blunkett row should end - Blair
1336,tech,Apple attacked over sources row
1337,politics,EU rules 'won't stop UK spending'
1338,entertainment,Download chart debut is delayed
1339,tech,Warning over tsunami aid website
1340,sport,Brizzel to run AAA's in Sheffield
1341,business,Consumer spending lifts US growth
1342,politics,Tories plan migrant health checks
1343,entertainment,Spider-Man creator wins profits
1344,politics,More reforms ahead says Milburn
1345,sport,Moyes U-turn on Beattie dismissal
1346,politics,Clarke to unveil immigration plan
1347,politics,'Super union' merger plan touted
1348,sport,Celts savour Grand Slam prospect
1349,politics,Chancellor rallies Labour voters
1350,entertainment,Howl helps boost Japan's cinemas
1351,sport,Sydney return for Henin-Hardenne
1352,politics,MPs' murder sentence concern
1353,tech,Bad e-mail habits sustains spam
1354,business,Chinese exports rise 25% in 2004
1355,politics,Brown targets OAPs and homebuyers
1356,business,Cairn shares up on new oil find
1357,sport,Big guns ease through in San Jose
1358,politics,Royal couple watch nation's mood
1359,entertainment,Corbett attacks 'dumbed-down TV'
1360,business,Wal-Mart to pay $14m in gun suit
1361,business,Hariri killing hits Beirut shares
1362,entertainment,Horror film heads US box office
1363,politics,Profile: David Blunkett
1364,entertainment,Lee to create new film superhero
1365,politics,Brown to outline presidency goals
1366,entertainment,Global release for Japan hit film
1367,tech,When technology gets personal
1368,business,Verizon 'seals takeover of MCI'
1369,sport,SA return to Mauritius
1370,entertainment,Berlin celebrates European cinema
1371,sport,Stam spices up Man Utd encounter
1372,sport,Ireland call up uncapped Campbell
1373,business,News Corp eyes video games market
1374,sport,Mourinho receives Robson warning
1375,entertainment,No charges against TV's Cosby
1376,entertainment,Howl helps boost Japan's cinemas
1377,sport,Davenport puts retirement on hold
1378,entertainment,Aviator 'creator' in Oscars snub
1379,business,Ukraine strikes Turkmen gas deal
1380,business,US bank in $515m SEC settlement
1381,sport,Wales win in Rome
1382,tech,Lifestyle 'governs mobile choice'
1383,tech,Hollywood to sue net film pirates
1384,sport,Mourinho to escape FA charge
1385,business,EC calls truce in deficit battle
1386,tech,US cyber security chief resigns
1387,politics,Donor attacks Blair-Brown 'feud'
1388,business,Weak end-of-year sales hit Next
1389,entertainment,T in the Park sells out in days
1390,politics,"Lord Scarman, 93, dies peacefully"
1391,politics,UK troops on Ivory Coast standby
1392,sport,Gardener wins double in Glasgow
1393,sport,Greek pair set for hearing
1394,politics,Terror powers expose 'tyranny'
1395,entertainment,Halloween writer Debra Hill dies
1396,politics,Amnesty chief laments war failure
1397,sport,Real in talks over Gravesen move
1398,entertainment,Double eviction from Big Brother
1399,business,Slowdown hits US factory growth
1400,politics,Ban on hunting comes into force
1401,politics,Tory leader quits legal position
1402,business,Executive trio leave Aer Lingus
1403,politics,Fox attacks Blair's Tory 'lies'
1404,sport,Johnson accuses British sprinters
1405,politics,Tory leader 'cleared' over work
1406,tech,BBC web search aids odd queries
1407,business,Bat spit drug firm goes to market
1408,sport,Veteran Martinez wins Thai title
1409,business,Parmalat sues 45 banks over crash
1410,tech,Pandas benefit from wireless net
1411,politics,Anglers 'could face prosecution'
1412,sport,Leeds v Saracens (Fri)
1413,entertainment,Foxx and Swank win US awards
1414,sport,Parry firm over Gerrard
1415,tech,Looks and music to drive mobiles
1416,sport,Souness eyes summer move for Owen
1417,business,S Korean consumers spending again
1418,business,Sluggish economy hits German jobs
1419,politics,"Petrol duties frozen, Brown says"
1420,business,Deutsche Boerse set to 'woo' LSE
1421,entertainment,Blair buys copies of new Band Aid
1422,sport,Curbishley delight for Johansson
1423,sport,Rangers seal Old Firm win
1424,entertainment,Tautou 'to star in Da Vinci film'
1425,politics,MPs assess Scots fishing industry
1426,business,Record year for Chilean copper
1427,sport,England given tough Sevens draw
1428,business,Cannabis hopes for drug firm
1429,business,Cactus diet deal for Phytopharm
1430,entertainment,Potter director signs Warner deal
1431,politics,Tories urge 'change at the top'
1432,entertainment,Abba reunite for musical premiere
1433,politics,Boateng to step down at election
1434,politics,Custody death rate 'shocks' MPs
1435,tech,US hacker breaks into T-Mobile
1436,business,Jarvis sells Tube stake to Spain
1437,politics,What really divides the parties
1438,entertainment,Bookmakers back Aviator for Oscar
1439,business,Q&A: Malcolm Glazer and Man Utd
1440,politics,Voters 'don't trust politicians'
1441,politics,UKIP candidate suspended
1442,entertainment,Wine comedy up for six film gongs
1443,politics,Tory expert denies defeat warning
1444,entertainment,McCririck out of Big Brother show
1445,entertainment,Glastonbury fans to get ID cards
1446,sport,Connors' rallying cry for British tennis
1447,business,Turkey turns on the economic charm
1448,business,Parmalat boasts doubled profits
1449,business,Tokyo says deflation 'controlled'
1450,tech,Windows worm travels with Tetris
1451,politics,Budget to set scene for election
1452,politics,Blair moves to woo Jewish voters
1453,business,UK bank seals South Korean deal
1454,business,WMC profits up amid bid criticism
1455,sport,Fit-again Betsen in France squad
1456,politics,Ministers lose slopping out case
1457,entertainment,Original Exorcist to be screened
1458,entertainment,Johnny Cash manager Holiff dies
1459,sport,Federer claims Dubai crown
1460,tech,Halo 2 heralds traffic explosion
1461,business,EU to probe Alitalia 'state aid'
1462,politics,"UK heading wrong way, says Howard"
1463,politics,Labour seeks to quell feud talk
1464,tech,Loyalty cards idea for TV addicts
1465,entertainment,Uganda bans Vagina Monologues
1466,business,Worldcom boss 'left books alone'
1467,sport,Republic to face China and Italy
1468,business,Tobacco giants hail court ruling
1469,sport,Hong Kong in 2011 World Cup bid
1470,business,"Argentina, Venezuela in oil deal"
1471,politics,Tories attack EU asylum moves
1472,entertainment,Sky takes over Oscar night mantle
1473,politics,Blunkett unveils policing plans
1474,politics,Clarke faces ID cards rebellion
1475,politics,Campaign 'cold calls' questioned
1476,sport,Boro suffer Morrison injury blow
1477,entertainment,Ten-year tragedy of missing Manic
1478,business,Criminal probe on Citigroup deals
1479,politics,Jowell confirms casino climbdown
1480,entertainment,US TV cuts nudity from BBC film
1481,entertainment,Celebrities get their skates on
1482,politics,Blunkett sorry over murder plan
1483,business,Tsunami 'to hit Sri Lanka banks'
1484,tech,Intel unveils laser breakthrough
1485,entertainment,Hanks greeted at wintry premiere
1486,sport,Federer breezes into semi-finals
1487,tech,Security scares spark browser fix
1488,entertainment,Triple triumph for Little Britain
1489,tech,Ban hits Half-Life 2 pirates hard
1490,entertainment,Comic Morris returns with sitcom
1491,tech,Tech helps disabled speed demons
1492,sport,Radcliffe eyes hard line on drugs
1493,sport,Wenger shock at Newcastle dip
1494,sport,TV calls after Carroll error
1495,tech,Progress on new internet domains
1496,tech,Concerns over Windows ATMs
1497,business,Oil rebounds from weather effect
1498,entertainment,Jugnot 'tops French actor league'
1499,business,SEC to rethink post-Enron rules
1500,politics,Kennedy predicts bigger turnout
1501,business,Huge rush for Jet Airways shares
1502,sport,Holmes starts 2005 with GB events
1503,sport,London Irish 19-33 Wasps
1504,sport,Hewitt falls to Dent in Adelaide
1505,tech,California sets fines for spyware
1506,sport,Adriano's Chelsea link rejected
1507,sport,Newcastle to join Morientes race
1508,sport,Souness delight at Euro progress
1509,sport,Mutu to hold talks with Juventus
1510,entertainment,DVD review: Spider-Man 2
1511,sport,Clyde 0-5 Celtic
1512,politics,Gurkhas to help tsunami victims
1513,politics,Howard denies split over ID cards
1514,sport,Paris promise raises Welsh hopes
1515,sport,Reyes tricked into Real admission
1516,entertainment,Animation charms Japan box office
1517,tech,TV future in the hands of viewers
1518,politics,MPs tout Lords replacement plan
1519,sport,Redknapp's Saints face Pompey tie
1520,entertainment,Actor Scott is new Bond favourite
1521,sport,Vickery upbeat about arm injury
1522,tech,Europe backs digital TV lifestyle
1523,tech,2D Metal Slug offers retro fun
1524,business,Markets signal Brazilian recovery
1525,business,French consumer spending rising
1526,business,Yukos drops banks from court bid
1527,business,US economy still growing says Fed
1528,sport,Serena ends Sania Mirza's dream
1529,tech,Digital guru floats sub-$100 PC
1530,sport,Saint-Andre anger at absent stars
1531,tech,Microsoft debuts security tools
1532,tech,Latest Opera browser gets vocal
1533,business,Gazprom 'in $36m back-tax claim'
1534,business,Peugeot deal boosts Mitsubishi
1535,business,Qantas considers offshore option
1536,sport,European medal chances improve
1537,entertainment,Label withdraws McFadden's video
1538,entertainment,Rocker Doherty in on-stage fight
1539,sport,Kuznetsova 'failed a drugs test'
1540,politics,Lawyer attacks anti-terror laws
1541,business,China continues rapid growth
1542,business,Kraft cuts snack ads for children
1543,sport,Holmes starts 2005 with GB events
1544,entertainment,Chris Evans back on the market
1545,business,Nasdaq planning $100m share sale
1546,business,Dollar gains on Greenspan speech
1547,sport,Safin cool on Wimbledon
1548,business,Iraqi voters turn to economic issues
1549,business,Giant waves damage S Asia economy
1550,sport,Ferrero eyes return to top form
1551,entertainment,Legendary music studio to close
1552,entertainment,Musical treatment for Capra film
1553,sport,Gardener battles to narrow win
1554,tech,Security warning over 'FBI virus'
1555,politics,Labour in constituency race row
1556,sport,Kewell waits as injury drags on
1557,politics,Mandelson warning to BBC
1558,sport,FA probes crowd trouble
1559,business,Lacroix label bought by US firm
1560,business,India and Iran in gas export deal
1561,business,Iraq and Afghanistan in WTO talks
1562,business,US Ahold suppliers face charges
1563,tech,Gamers could drive high-definition
1564,business,Nissan names successor to Ghosn
1565,tech,Mobile games come of age
1566,business,UK interest rates held at 4.75%
1567,entertainment,Musicians to tackle US red tape
1568,entertainment,Rapper 50 Cent scores chart first
1569,politics,UKIP's secret weapon?
1570,tech,Movie body hits peer-to-peer nets
1571,business,Bank holds interest rate at 4.75%
1572,politics,Tsunami 'won't divert Africa aid'
1573,sport,Smith keen on Home series return
1574,sport,Pearce keen on succeeding Keegan
1575,entertainment,REM concerts blighted by illness
1576,politics,Housing plans criticised by MPs
1577,entertainment,New media battle for Bafta awards
1578,sport,Roddick splits from coach Gilbert
1579,entertainment,Buffy creator joins Wonder Woman
1580,tech,Mobiles 'not media players yet'
1581,entertainment,Spears seeks aborted tour payment
1582,entertainment,Stars pay tribute to actor Davis
1583,politics,UK firms 'embracing e-commerce'
1584,tech,Mobile networks seek turbo boost
1585,tech,Cyber criminals step up the pace
1586,tech,T-Mobile bets on 'pocket office'
1587,entertainment,Franz man seeks government help
1588,sport,Verdict delay for Greek sprinters
1589,business,US bank 'loses' customer details
1590,sport,Strachan turns down Pompey
1591,tech,Mobiles get set for visual radio
1592,sport,Officials respond in court row
1593,politics,Howard pitches for UK ethnic vote
1594,sport,White prepared for battle
1595,tech,Apple attacked over sources row
1596,sport,Wood - Ireland can win Grand Slam
1597,sport,Israeli club look to Africa
1598,business,Asian banks halt dollar's slide
1599,tech,Global blogger action day called
1600,politics,Brown ally rejects Budget spree
1601,politics,How political squabbles snowball
1602,business,Giving financial gifts to children
1603,business,Glazer makes new Man Utd approach
1604,entertainment,US box office set for record high
1605,sport,Spurs to sign Iceland U21 star
1606,business,Retail sales show festive fervour
1607,business,Boeing secures giant Japan order
1608,tech,Apple sues 'Tiger' file sharers
1609,politics,EU fraud clampdown urged
1610,politics,BAA support ahead of court battle
1611,sport,Venus stunned by Farina Elia
1612,politics,McConnell in 'drunk' remark row
1613,politics,Blair pledges unity to Labour MPs
1614,sport,Clijsters hope on Aussie Open
1615,sport,Laporte tinkers with team
1616,tech,Moving mobile improves golf swing
1617,entertainment,Campaigners attack MTV 'sleaze'
1618,politics,'UK will stand firm on EU rebate'
1619,business,No seasonal lift for house market
1620,tech,Mobile multimedia slow to catch on
1621,sport,Moya emotional after Davis Cup win
1622,tech,Web radio takes Spanish rap global
1623,politics,Security papers 'found in street'
1624,entertainment,Dutch watch Van Gogh's last film
1625,entertainment,Connick Jr to lead Broadway show
1626,tech,Game firm holds 'cast' auditions
1627,business,Unilever shake up as profit slips
1628,tech,Honour for UK games maker
1629,politics,New foot and mouth action urged
1630,entertainment,Vera Drake scoops film award
1631,sport,Wenger offers Mutu hope
1632,sport,England 'to launch ref protest'
1633,sport,Campbell to extend sprint career
1634,entertainment,Church urges Nelly show boycott
1635,entertainment,Holmes wins '2004 top TV moment'
1636,politics,Kinnock to urge reform in Lords
1637,business,Ericsson sees earnings improve
1638,entertainment,Elton plays Paris charity concert
1639,tech,How to make a greener computer
1640,tech,Speak easy plan for media players
1641,sport,Legendary Dutch boss Michels dies
1642,tech,Virus poses as Christmas e-mail
1643,entertainment,BBC 'should allow more scrutiny'
1644,business,BMW drives record sales in Asia
1645,sport,Castaignede fires Laporte warning
1646,entertainment,Baby becomes new Oscar favourite
1647,tech,PC ownership to 'double by 2010'
1648,business,Rich grab half Colombia poor fund
1649,sport,Murphy: That was a bruising battle
1650,sport,Arnesen denies rift with Santini
1651,sport,Fuming Robinson blasts officials
1652,entertainment,Richard and Judy choose top books
1653,politics,Parliament's record of scandal
1654,politics,Brown names 16 March for Budget
1655,politics,Brown outlines third term vision
1656,sport,Santini resigns as Spurs manager
1657,politics,Lib Dems target first-time buyers
1658,sport,Davies favours Gloucester future
1659,politics,Talks aim to avert pension strike
1660,business,Market unfazed by Aurora setback
1661,tech,Confusion over high-definition TV
1662,entertainment,South Bank Awards honour hit soap
1663,politics,Whitehall cuts 'ahead of target'
1664,tech,Domain system scam fear
1665,tech,Mobile gaming takes off in India
1666,sport,Wilkinson return 'unlikely'
1667,sport,Holmes secures comeback victory
1668,politics,'No-one can define new hunt ban'
1669,sport,Johnson too strong for GB runners
1670,tech,Broadband fuels online change
1671,sport,Williams stays on despite dispute
1672,entertainment,Help for indies in download sales
1673,sport,GB quartet get cross country call
1674,tech,The pirates with no profit motive
1675,entertainment,&#163;1.8m indecency fine for Viacom
1676,tech,Apple unveils low-cost 'Mac mini'
1677,business,China bans new tobacco factories
1678,sport,Federer forced to dig deep
1679,business,S Korea spending boost to economy
1680,tech,Peer-to-peer nets 'here to stay'
1681,business,Yukos owner sues Russia for $28bn
1682,business,Nasdaq planning $100m-share sale
1683,tech,Sony PSP console hits US in March
1684,tech,Blogs take on the mainstream
1685,politics,Brown ally rejects Budget spree
1686,politics,Pakistani women 'must not hide'
1687,tech,US peer-to-peer pirates convicted
1688,business,UK economy ends year with spurt
1689,business,Ethiopia's crop production up 24%
1690,tech,Pompeii gets digital make-over
1691,sport,Everton's Weir cools Euro hopes
1692,business,Gaming firm to sell UK dog tracks
1693,sport,England claim Dubai Sevens glory
1694,business,Brazil jobless rate hits new low
1695,entertainment,Dance music not dead says Fatboy
1696,entertainment,Box office blow for Alexander
1697,entertainment,Rapper Snoop Dogg sued for 'rape'
1698,business,S Korean credit card firm rescued
1699,politics,Crucial decision on super-casinos
1700,business,Krispy Kreme shares hit
1701,sport,Mourinho expects fight to finish
1702,sport,Young debut cut short by Ginepri
1703,business,Yukos sues four firms for $20bn
1704,entertainment,India to deport Bollywood actress
1705,politics,US casino 'tricks' face ban in UK
1706,tech,Disney backs Sony DVD technology
1707,business,Egypt and Israel seal trade deal
1708,tech,Text message record smashed again
1709,entertainment,Hollywood hunts hits at Sundance
1710,tech,'Ultimate game' award for Doom 3
1711,entertainment,Paraguay novel wins US book prize
1712,tech,Web photo storage market hots up
1713,entertainment,Goodrem wins top female MTV prize
1714,entertainment,Brookside actress Keaveney dies
1715,entertainment,Tautou 'to star in Da Vinci film'
1716,sport,Radcliffe tackles marathon tasks
1717,entertainment,Famed music director Viotti dies
1718,business,Man Utd to open books to Glazer
1719,politics,Short attacks US over tsunami aid
1720,tech,Microsoft makes anti-piracy move
1721,sport,Bryan twins keep US hopes alive
1722,politics,Concerns at school diploma plan
1723,tech,Rich pickings for hi-tech thieves
1724,entertainment,Grammys honour soul star Charles
1725,sport,Kirwan demands Italy consistency
1726,entertainment,Byrds producer Melcher dies at 62
1727,sport,Collins to compete in Birmingham
1728,sport,Benitez delight after crucial win
1729,business,Winn-Dixie files for bankruptcy
1730,entertainment,Keanu Reeves given Hollywood star
1731,entertainment,Tarantino 'to make Friday sequel'
1732,sport,Campbell lifts lid on United feud
1733,entertainment,Bennett play takes theatre prizes
1734,tech,Beckham virus spotted on the net
1735,entertainment,Redford's vision of Sundance
1736,sport,Bees handed potential Man Utd tie
1737,business,Trade gap narrows as exports rise
1738,entertainment,Sideways dominates Spirit awards
1739,entertainment,Church anger over Bollywood film
1740,entertainment,Russian film wins BBC world prize
1741,politics,Lib Dems stress Budget trust gap
1742,tech,Long life promised for laptop PCs
1743,business,Putin backs state grab for Yukos
1744,politics,'Fido' to be taken off vote lists
1745,business,Reliance unit loses Anil Ambani
1746,politics,'Debate needed' on donations cap
1747,business,News Corp eyes video games market
1748,business,UK Coal plunges into deeper loss
1749,tech,New browser wins over net surfers
1750,politics,Correction agency plans dropped
1751,business,Shares rise on new Man Utd offer
1752,tech,Kenyan school turns to handhelds
1753,business,Brazil buy boosts Belgium's Inbev
1754,sport,Relay squad thrilled with honours
1755,sport,Stevens named in England line-up
1756,entertainment,Gallery unveils interactive tree
1757,sport,Faultless Federer has no equal
1758,business,"Dutch bank to lay off 2,850 staff"
1759,entertainment,Oscars steer clear of controversy
1760,sport,Tevez - an Argentine in Brazil
1761,sport,Sprinter Walker quits athletics
1762,sport,McIlroy continues winning streak
1763,business,BT offers equal access to rivals
1764,entertainment,Soul sensation ready for awards
1765,sport,Lions blow to World Cup winners
1766,entertainment,Baghdad Blogger on big screen
1767,entertainment,Brando 'rejected Godfather role'
1768,business,Japan turns to beer alternatives
1769,politics,Labour pig poster 'anti-Semitic'
1770,sport,Fuming Robinson blasts officials
1771,sport,FA charges Liverpool and Millwall
1772,business,Russia WTO talks 'make progress'
1773,tech,Chip maker backs net phone calls
1774,tech,Latest Opera browser gets vocal
1775,business,Lufthansa may sue over Bush visit
1776,tech,Rolling out next generation's net
1777,sport,Mirza makes Indian tennis history
1778,tech,GTA sequel is criminally good
1779,tech,Go-ahead for new internet names
